,receipt_open_day,receipt_open_weekday,daily_sales,nb_of_customers
0,2019-11-08,Friday,2531.38,501
1,2020-07-03,Friday,4210.59,721
2,2022-07-15,Friday,5023.57,783
3,2021-12-10,Friday,5727.62,861
4,2020-05-08,Friday,5945.0,846
5,2022-12-16,Friday,5660.8,829
6,2023-01-27,Friday,5156.19,788
7,2022-09-23,Friday,5089.38,796
8,2023-02-17,Friday,5392.1,745
9,2023-04-28,Friday,3903.43,512
10,2023-01-20,Friday,5441.43,771
11,2021-12-24,Friday,28585.24,1952
12,2020-03-20,Friday,3980.5,520
13,2020-11-13,Friday,5908.89,932
14,2021-03-12,Friday,5389.83,861
15,2022-12-23,Friday,17895.9,1412
16,2021-06-11,Friday,4311.96,718
17,2023-02-10,Friday,5267.16,791
18,2020-03-13,Friday,4206.63,615
19,2020-12-18,Friday,5321.7,800
20,2020-07-10,Friday,3840.01,661
21,2021-01-15,Friday,5059.69,839
22,2023-05-12,Friday,3046.12,473
23,2020-01-31,Friday,2637.25,452
24,2020-04-03,Friday,3215.57,487
25,2020-06-05,Friday,4409.95,705
26,2020-02-14,Friday,2507.64,511
27,2020-02-07,Friday,3228.81,533
28,2020-01-24,Friday,2461.72,413
29,2020-01-10,Friday,2014.08,390
30,2023-03-31,Friday,5238.53,787
31,2020-10-30,Friday,5862.71,861
32,2022-06-10,Friday,4948.11,855
33,2021-02-12,Friday,5827.26,948
34,2022-02-18,Friday,4596.21,769
35,2021-03-19,Friday,4893.42,779
36,2019-11-29,Friday,2903.89,445
37,2021-05-14,Friday,5035.5,736
38,2020-09-25,Friday,4390.99,795
39,2020-04-24,Friday,3963.21,582
40,2020-06-12,Friday,5077.26,839
41,2021-11-05,Friday,5175.83,868
42,2022-06-24,Friday,5125.08,829
43,2022-06-03,Friday,5564.62,817
44,2022-03-11,Friday,4861.53,867
45,2021-11-26,Friday,5939.47,925
46,2022-02-04,Friday,4763.02,759
47,2021-08-13,Friday,4223.37,713
48,2022-01-28,Friday,5058.25,849
49,2022-03-04,Friday,4559.03,823
50,2022-03-25,Friday,4410.59,816
51,2021-11-19,Friday,5680.58,878
52,2021-07-30,Friday,2732.26,408
53,2021-12-03,Friday,6281.83,989
54,2022-04-15,Friday,6843.83,1007
55,2022-04-22,Friday,4587.2,779
56,2021-09-10,Friday,3999.15,772
57,2022-05-27,Friday,5188.05,884
58,2022-05-06,Friday,4616.08,727
59,2022-07-08,Friday,5163.93,876
60,2021-10-22,Friday,4776.3,851
61,2021-11-12,Friday,4674.18,817
62,2022-04-01,Friday,4711.84,798
63,2022-04-29,Friday,4271.44,748
64,2022-05-20,Friday,4702.32,828
65,2021-10-29,Friday,5517.98,916
66,2022-07-22,Friday,4123.85,645
67,2021-07-23,Friday,2429.36,382
68,2022-01-14,Friday,5724.57,926
69,2022-01-07,Friday,5389.09,860
70,2022-03-18,Friday,4583.51,840
71,2021-10-15,Friday,4651.36,797
72,2021-12-31,Friday,8360.13,975
73,2021-10-08,Friday,4576.42,739
74,2022-06-17,Friday,5651.07,814
75,2022-01-21,Friday,6271.6,975
76,2021-12-17,Friday,6694.9,935
77,2022-05-13,Friday,5099.44,879
78,2021-08-20,Friday,4233.87,706
79,2021-10-01,Friday,4605.29,777
80,2022-02-25,Friday,4798.98,840
81,2021-08-27,Friday,4660.69,762
82,2022-11-04,Friday,5089.59,804
83,2022-12-02,Friday,5842.02,826
84,2022-09-02,Friday,5122.6,815
85,2022-09-30,Friday,5171.4,802
86,2022-11-25,Friday,5732.25,880
87,2023-01-06,Friday,4940.9,736
88,2022-09-16,Friday,4374.22,729
89,2022-12-30,Friday,6450.43,757
90,2022-11-11,Friday,5540.54,820
91,2022-09-09,Friday,4811.98,750
92,2022-10-21,Friday,5320.84,803
93,2022-08-19,Friday,5254.85,722
94,2022-10-07,Friday,4609.74,690
95,2022-10-14,Friday,4408.0,690
96,2022-08-05,Friday,3250.21,471
97,2020-05-22,Friday,5094.97,824
98,2020-06-26,Friday,5018.47,780
99,2020-06-19,Friday,4555.29,774
100,2020-09-04,Friday,4044.81,725
101,2021-05-28,Friday,4818.97,803
102,2020-12-11,Friday,5716.02,830
103,2020-07-24,Friday,2957.19,408
104,2020-01-17,Friday,2124.09,408
105,2020-12-04,Friday,6148.34,961
106,2020-11-06,Friday,5531.33,838
107,2021-04-30,Friday,5217.94,792
108,2019-11-01,Friday,2766.97,486
109,2020-08-07,Friday,2399.82,383
110,2020-09-11,Friday,5306.24,786
111,2020-08-21,Friday,3885.71,637
112,2020-07-31,Friday,3261.77,472
113,2021-04-09,Friday,5037.07,830
114,2023-06-02,Friday,2348.66,320
115,2023-03-17,Friday,5357.82,739
116,2023-02-24,Friday,6002.67,816
117,2021-02-05,Friday,6246.39,1024
118,2020-07-17,Friday,2573.52,394
119,2021-03-05,Friday,5174.88,872
120,2021-01-29,Friday,5642.47,856
121,2020-09-18,Friday,4958.45,775
122,2021-03-26,Friday,5950.42,921
123,2021-04-16,Friday,5682.29,878
124,2021-01-22,Friday,5531.69,952
125,2021-04-02,Friday,7528.27,947
126,2019-12-27,Friday,2415.42,339
127,2021-04-23,Friday,5762.66,902
128,2021-02-26,Friday,5247.07,933
129,2019-12-20,Friday,2779.18,477
130,2021-01-08,Friday,5279.35,820
131,2019-12-13,Friday,2785.51,474
132,2020-05-29,Friday,6425.2,954
133,2020-10-02,Friday,4793.36,803
134,2019-11-22,Friday,2661.22,483
135,2020-10-23,Friday,5399.93,888
136,2020-03-27,Friday,2802.51,421
137,2020-10-09,Friday,4765.45,772
138,2020-01-03,Friday,2021.29,368
139,2019-12-06,Friday,3269.08,440
140,2021-05-21,Friday,4801.29,799
141,2020-03-06,Friday,2479.7,440
142,2020-02-21,Friday,2157.44,395
143,2021-05-07,Friday,5463.34,814
144,2021-02-19,Friday,5287.49,833
145,2020-11-20,Friday,5610.25,895
146,2021-06-18,Friday,3500.2,657
147,2022-02-11,Friday,4995.02,768
148,2021-09-17,Friday,4838.23,864
149,2021-09-24,Friday,4227.34,786
150,2022-07-01,Friday,4928.66,720
151,2021-08-06,Friday,2393.72,399
152,2022-04-08,Friday,5092.12,839
153,2021-07-02,Friday,4284.48,711
154,2022-08-12,Friday,3019.42,445
155,2022-08-26,Friday,4583.83,795
156,2022-11-18,Friday,5291.64,830
157,2023-04-14,Friday,3846.33,536
158,2023-05-26,Friday,4088.19,456
159,2022-10-28,Friday,4957.65,785
160,2022-12-09,Friday,5696.09,816
161,2023-05-19,Friday,3803.11,518
162,2023-02-03,Friday,5133.97,700
163,2023-03-03,Friday,5003.6,753
164,2023-04-07,Friday,7384.13,885
165,2022-07-29,Friday,2402.58,379
166,2023-04-21,Friday,3542.71,500
167,2023-03-10,Friday,5069.0,739
168,2023-05-05,Friday,3342.87,441
169,2021-06-04,Friday,4573.9,740
170,2021-06-25,Friday,4182.64,721
171,2020-11-27,Friday,5239.67,866
172,2020-05-01,Friday,5018.26,849
173,2020-04-17,Friday,2927.58,439
174,2020-02-28,Friday,2844.66,478
175,2019-11-15,Friday,56.68,11
176,2019-12-23,Monday,8549.31,700
177,2021-12-20,Monday,4825.12,779
178,2023-01-02,Monday,2018.32,363
179,2023-02-27,Monday,2198.55,334
180,2022-03-28,Monday,1914.56,352
181,2021-02-22,Monday,3129.87,637
182,2021-06-21,Monday,2177.63,427
183,2022-03-07,Monday,1833.82,350
184,2019-12-30,Monday,2992.73,459
185,2022-01-10,Monday,2627.63,491
186,2022-05-30,Monday,2123.49,368
187,2020-12-28,Monday,4318.21,643
188,2022-12-12,Monday,2406.45,393
189,2021-11-01,Monday,3412.22,657
190,2020-03-30,Monday,1766.71,288
191,2021-01-18,Monday,3866.46,667
192,2021-11-22,Monday,4007.65,709
193,2020-07-20,Monday,1810.08,343
194,2020-11-16,Monday,3069.46,616
195,2021-03-15,Monday,2044.86,392
196,2020-03-02,Monday,1061.93,222
197,2022-07-11,Monday,2103.78,356
198,2021-08-23,Monday,3890.88,645
199,2021-12-13,Monday,3663.16,612
200,2022-05-16,Monday,1912.37,311
201,2021-08-09,Monday,3065.68,568
202,2021-08-16,Monday,2858.23,539
203,2022-06-13,Monday,2375.4,408
204,2021-08-02,Monday,1610.7,309
205,2022-07-25,Monday,1975.47,358
206,2021-10-18,Monday,3060.06,573
207,2021-09-13,Monday,2988.7,607
208,2022-01-31,Monday,1751.04,304
209,2022-08-01,Monday,1501.92,286
210,2022-02-28,Monday,2212.62,436
211,2021-09-20,Monday,3628.63,727
212,2022-03-21,Monday,2201.42,405
213,2022-02-14,Monday,2337.66,383
214,2022-05-02,Monday,1851.69,324
215,2021-09-27,Monday,3207.67,658
216,2022-11-07,Monday,2224.05,389
217,2022-08-29,Monday,1897.97,333
218,2022-09-26,Monday,1755.05,315
219,2022-10-10,Monday,2257.57,366
220,2022-09-19,Monday,2270.78,348
221,2022-08-22,Monday,2054.49,368
222,2022-09-12,Monday,1969.31,336
223,2022-10-03,Monday,1897.31,348
224,2022-08-08,Monday,1963.86,333
225,2022-12-05,Monday,3195.57,404
226,2023-01-16,Monday,1807.33,278
227,2019-12-02,Monday,1605.47,316
228,2020-02-10,Monday,1308.17,278
229,2020-09-14,Monday,3662.38,600
230,2020-06-29,Monday,3047.91,557
231,2021-02-15,Monday,2660.35,423
232,2020-09-07,Monday,2885.66,580
233,2020-08-24,Monday,3211.1,631
234,2020-08-03,Monday,2185.6,446
235,2020-03-23,Monday,2388.05,356
236,2020-06-15,Monday,2695.23,501
237,2020-10-12,Monday,2827.79,536
238,2019-11-04,Monday,1319.15,272
239,2021-02-08,Monday,3080.03,550
240,2021-07-19,Monday,2304.28,367
241,2023-02-20,Monday,1881.58,286
242,2023-01-23,Monday,2335.91,368
243,2023-03-13,Monday,1902.3,314
244,2023-03-06,Monday,1895.47,318
245,2023-03-20,Monday,1753.23,266
246,2023-02-13,Monday,2455.66,385
247,2023-05-01,Monday,2500.46,365
248,2023-05-15,Monday,2349.69,366
249,2021-10-11,Monday,3418.44,604
250,2020-08-17,Monday,2749.47,543
251,2021-03-08,Monday,3785.0,633
252,2020-09-21,Monday,3042.01,575
253,2020-02-24,Monday,1360.88,255
254,2020-03-09,Monday,1512.15,310
255,2020-08-10,Monday,9261.54,1592
256,2019-11-11,Monday,1420.98,258
257,2021-04-26,Monday,4936.7,718
258,2021-05-10,Monday,2997.26,541
259,2020-07-13,Monday,1726.4,276
260,2020-07-27,Monday,1461.77,269
261,2021-01-25,Monday,3575.38,664
262,2020-03-16,Monday,2580.76,381
263,2020-05-11,Monday,3119.42,547
264,2021-02-01,Monday,3181.23,587
265,2021-04-12,Monday,2953.37,519
266,2020-05-25,Monday,3255.85,622
267,2020-12-07,Monday,3165.93,592
268,2020-02-03,Monday,1424.97,286
269,2020-12-14,Monday,4002.62,713
270,2021-05-03,Monday,3249.14,571
271,2021-05-17,Monday,2878.32,554
272,2020-07-06,Monday,2347.68,434
273,2021-01-11,Monday,3267.57,603
274,2019-12-16,Monday,2001.21,336
275,2020-02-17,Monday,1504.73,287
276,2020-01-06,Monday,1817.25,286
277,2021-05-31,Monday,2700.9,536
278,2021-07-05,Monday,2895.67,534
279,2021-06-07,Monday,2784.95,509
280,2021-06-14,Monday,2863.43,534
281,2019-12-09,Monday,1394.83,278
282,2019-10-28,Monday,2634.14,465
283,2020-10-19,Monday,3033.11,573
284,2020-11-30,Monday,3030.32,540
285,2020-08-31,Monday,2922.57,551
286,2021-01-04,Monday,3321.44,559
287,2020-09-28,Monday,3277.64,587
288,2020-10-05,Monday,2499.94,541
289,2023-01-09,Monday,2219.91,363
290,2022-03-14,Monday,1916.95,341
291,2022-01-24,Monday,2273.13,392
292,2022-06-20,Monday,1883.51,349
293,2021-11-29,Monday,3592.39,656
294,2022-06-27,Monday,2163.6,369
295,2022-07-18,Monday,2408.71,362
296,2022-01-17,Monday,1901.34,364
297,2022-02-21,Monday,2018.1,324
298,2022-04-04,Monday,1575.18,246
299,2022-05-09,Monday,2098.18,351
300,2022-02-07,Monday,2089.85,393
301,2022-10-17,Monday,2029.9,319
302,2022-08-15,Monday,1984.13,333
303,2022-11-21,Monday,2012.97,325
304,2023-01-30,Monday,2019.39,352
305,2023-04-17,Monday,2323.75,346
306,2022-09-05,Monday,2581.73,404
307,2022-10-24,Monday,2074.03,340
308,2023-05-22,Monday,2238.38,355
309,2022-04-11,Monday,2103.17,323
310,2022-04-25,Monday,2687.73,367
311,2022-11-14,Monday,2298.46,369
312,2022-11-28,Monday,2312.84,358
313,2022-05-23,Monday,2043.96,357
314,2023-05-08,Monday,2355.95,378
315,2023-04-24,Monday,2319.91,319
316,2022-10-31,Monday,2180.68,354
317,2022-12-19,Monday,2818.32,352
318,2023-03-27,Monday,1924.15,306
319,2023-02-06,Monday,2879.27,407
320,2021-07-26,Monday,1574.14,291
321,2021-06-28,Monday,2930.83,546
322,2020-05-04,Monday,4345.28,662
323,2021-07-12,Monday,2786.44,542
324,2020-01-13,Monday,1301.13,272
325,2020-06-08,Monday,3334.4,592
326,2020-10-26,Monday,3413.34,645
327,2020-01-20,Monday,1262.37,266
328,2020-11-02,Monday,3282.83,607
329,2020-04-20,Monday,2126.53,315
330,2020-04-06,Monday,1994.84,350
331,2021-01-24,Sunday,2383.24,384
332,2020-12-20,Sunday,1009.23,95
333,2019-12-31,Tuesday,4620.48,602
334,2020-03-31,Tuesday,1634.36,246
335,2020-06-30,Tuesday,2597.32,525
336,2023-01-10,Tuesday,3426.12,576
337,2020-04-28,Tuesday,2013.32,363
338,2021-12-07,Tuesday,4534.56,770
339,2021-07-06,Tuesday,3069.05,569
340,2022-02-22,Tuesday,3124.22,584
341,2023-05-02,Tuesday,2142.72,303
342,2022-12-13,Tuesday,3748.8,642
343,2019-12-24,Tuesday,16541.38,1042
344,2023-02-14,Tuesday,4954.12,677
345,2020-09-22,Tuesday,3037.28,558
346,2023-03-14,Tuesday,3467.52,556
347,2019-11-26,Tuesday,1417.92,312
348,2021-09-21,Tuesday,3154.07,682
349,2022-07-05,Tuesday,3988.6,683
350,2022-01-11,Tuesday,3913.91,733
351,2022-07-12,Tuesday,4351.76,752
352,2022-04-26,Tuesday,4078.93,742
353,2021-10-19,Tuesday,3345.2,557
354,2021-11-23,Tuesday,3416.07,644
355,2022-04-19,Tuesday,3092.29,597
356,2021-08-24,Tuesday,2606.95,520
357,2022-01-25,Tuesday,3661.89,691
358,2022-02-01,Tuesday,3789.67,633
359,2022-03-15,Tuesday,3208.88,615
360,2022-06-14,Tuesday,3133.49,597
361,2022-08-02,Tuesday,1425.58,258
362,2021-09-28,Tuesday,3462.1,707
363,2022-05-31,Tuesday,4297.68,759
364,2022-06-21,Tuesday,3518.33,661
365,2022-04-12,Tuesday,3473.39,613
366,2021-12-28,Tuesday,4003.33,593
367,2022-01-04,Tuesday,3728.36,667
368,2022-02-15,Tuesday,3853.68,676
369,2022-03-29,Tuesday,3706.42,685
370,2022-05-10,Tuesday,3328.48,639
371,2021-07-27,Tuesday,1809.43,295
372,2021-08-17,Tuesday,2938.18,498
373,2022-05-03,Tuesday,2948.83,539
374,2021-08-10,Tuesday,2750.06,509
375,2021-05-11,Tuesday,2774.87,529
376,2022-10-11,Tuesday,3645.33,615
377,2022-12-27,Tuesday,3710.28,489
378,2023-01-17,Tuesday,3888.34,672
379,2022-11-08,Tuesday,4500.63,731
380,2022-09-13,Tuesday,3381.25,559
381,2022-10-04,Tuesday,4044.04,716
382,2023-01-03,Tuesday,3510.68,562
383,2022-08-30,Tuesday,3720.64,628
384,2022-12-06,Tuesday,3805.29,634
385,2022-09-20,Tuesday,3320.42,588
386,2022-08-09,Tuesday,2185.0,357
387,2022-10-25,Tuesday,3776.55,635
388,2022-11-01,Tuesday,4416.48,696
389,2020-10-06,Tuesday,2828.91,488
390,2020-07-28,Tuesday,1712.88,302
391,2020-08-18,Tuesday,3244.95,584
392,2019-10-29,Tuesday,1412.44,298
393,2019-12-03,Tuesday,1616.28,302
394,2020-09-29,Tuesday,2835.45,525
395,2019-11-05,Tuesday,1185.21,242
396,2020-03-24,Tuesday,2287.69,389
397,2021-06-15,Tuesday,3070.8,565
398,2020-08-25,Tuesday,2629.56,526
399,2020-01-21,Tuesday,1263.42,260
400,2020-03-03,Tuesday,1367.07,280
401,2020-02-11,Tuesday,1223.75,281
402,2023-03-07,Tuesday,2750.29,459
403,2023-05-30,Tuesday,2344.28,350
404,2023-05-16,Tuesday,2041.43,356
405,2023-01-31,Tuesday,3452.98,562
406,2023-04-11,Tuesday,1843.1,290
407,2023-04-25,Tuesday,2201.75,316
408,2023-03-21,Tuesday,3070.71,530
409,2021-01-19,Tuesday,2785.31,490
410,2022-04-05,Tuesday,3329.76,576
411,2021-10-12,Tuesday,3012.36,551
412,2020-01-07,Tuesday,1240.03,252
413,2021-03-09,Tuesday,3368.2,613
414,2019-11-12,Tuesday,1368.6,277
415,2020-07-07,Tuesday,2968.35,530
416,2021-04-20,Tuesday,3080.98,590
417,2021-03-02,Tuesday,3225.24,643
418,2021-02-16,Tuesday,3779.48,656
419,2021-03-23,Tuesday,3893.42,710
420,2020-10-13,Tuesday,3211.65,569
421,2020-07-14,Tuesday,1333.4,258
422,2021-05-18,Tuesday,3031.48,565
423,2020-06-09,Tuesday,3091.62,541
424,2020-12-22,Tuesday,8087.41,899
425,2021-02-23,Tuesday,3766.64,657
426,2021-01-26,Tuesday,3824.53,656
427,2021-04-13,Tuesday,3179.45,560
428,2020-08-04,Tuesday,1914.05,381
429,2020-01-28,Tuesday,1275.81,249
430,2020-05-26,Tuesday,3344.9,597
431,2021-05-04,Tuesday,2735.91,479
432,2020-02-04,Tuesday,1129.57,238
433,2020-02-18,Tuesday,1641.16,249
434,2020-10-27,Tuesday,3898.78,676
435,2020-08-11,Tuesday,2989.33,489
436,2021-07-13,Tuesday,3027.16,567
437,2021-06-22,Tuesday,2909.42,545
438,2021-07-20,Tuesday,1545.36,289
439,2021-06-08,Tuesday,3150.76,546
440,2021-06-01,Tuesday,3256.27,595
441,2020-12-15,Tuesday,3848.08,622
442,2020-09-08,Tuesday,2943.77,559
443,2020-11-03,Tuesday,3655.83,627
444,2020-07-21,Tuesday,1663.24,281
445,2019-12-17,Tuesday,1672.11,315
446,2021-03-16,Tuesday,3050.38,574
447,2020-06-16,Tuesday,3130.41,567
448,2021-10-05,Tuesday,3057.76,558
449,2022-07-19,Tuesday,2657.38,438
450,2021-08-03,Tuesday,1827.75,351
451,2022-02-08,Tuesday,3325.95,647
452,2022-07-26,Tuesday,1687.58,300
453,2022-03-01,Tuesday,3770.53,679
454,2021-11-02,Tuesday,3413.85,637
455,2021-12-21,Tuesday,5363.48,802
456,2021-11-30,Tuesday,3554.07,627
457,2022-09-27,Tuesday,3062.23,529
458,2023-05-09,Tuesday,2075.72,316
459,2023-04-18,Tuesday,2211.01,337
460,2023-05-23,Tuesday,2179.25,348
461,2022-10-18,Tuesday,3861.29,673
462,2022-08-23,Tuesday,4073.84,706
463,2023-01-24,Tuesday,4110.54,640
464,2020-11-24,Tuesday,3489.61,628
465,2019-12-10,Tuesday,1619.09,307
466,2020-09-01,Tuesday,2866.17,520
467,2021-02-02,Tuesday,3787.18,592
468,2020-03-10,Tuesday,967.81,193
469,2020-01-14,Tuesday,1245.12,243
470,2020-11-17,Tuesday,3410.02,604
471,2020-02-25,Tuesday,1426.28,281
472,2020-04-07,Tuesday,1946.71,336
473,2020-04-21,Tuesday,2167.35,373
474,2020-05-12,Tuesday,3605.78,619
475,2020-04-14,Tuesday,2060.05,336
476,2020-05-05,Tuesday,2155.53,289
477,2020-01-11,Saturday,2774.28,456
478,2020-06-27,Saturday,5900.15,857
479,2021-06-12,Saturday,7233.3,877
480,2022-01-22,Saturday,7829.35,957
481,2023-01-21,Saturday,6148.92,805
482,2020-06-20,Saturday,7516.59,919
483,2020-06-06,Saturday,7644.35,975
484,2020-08-08,Saturday,4192.88,509
485,2021-04-24,Saturday,7453.79,981
486,2020-05-30,Saturday,9653.19,1138
487,2022-06-25,Saturday,5733.59,781
488,2020-05-09,Saturday,7205.02,982
489,2020-03-07,Saturday,3449.6,468
490,2021-02-13,Saturday,7670.0,1050
491,2022-11-12,Saturday,6704.55,888
492,2020-03-14,Saturday,5542.94,612
493,2021-02-06,Saturday,8595.47,1217
494,2022-12-31,Saturday,7605.11,808
495,2023-01-07,Saturday,6428.1,805
496,2023-04-08,Saturday,7486.35,809
497,2023-01-28,Saturday,5894.37,786
498,2020-08-01,Saturday,3815.78,510
499,2020-01-04,Saturday,2622.46,418
500,2020-03-21,Saturday,3845.29,563
501,2023-03-18,Saturday,5650.51,750
502,2020-01-18,Saturday,3376.88,511
503,2019-12-21,Saturday,4603.0,612
504,2021-04-03,Saturday,9603.24,1124
505,2022-02-19,Saturday,5943.04,891
506,2023-05-27,Saturday,5013.91,557
507,2020-02-15,Saturday,3427.42,462
508,2021-09-25,Saturday,5464.36,881
509,2021-07-03,Saturday,5156.68,742
510,2020-09-05,Saturday,5635.08,864
511,2020-02-01,Saturday,3094.22,496
512,2020-10-10,Saturday,5903.44,865
513,2020-12-12,Saturday,8006.92,1117
514,2021-05-01,Saturday,6791.2,954
515,2021-05-22,Saturday,7596.37,1053
516,2020-10-17,Saturday,8452.88,1213
517,2023-03-04,Saturday,6424.46,748
518,2021-08-21,Saturday,4980.31,701
519,2022-03-19,Saturday,5331.59,770
520,2022-12-17,Saturday,7387.8,805
521,2022-11-05,Saturday,6100.65,865
522,2022-03-12,Saturday,6244.72,941
523,2023-04-29,Saturday,3699.54,463
524,2022-07-02,Saturday,6223.13,803
525,2022-09-10,Saturday,5695.69,767
526,2020-03-28,Saturday,4637.73,616
527,2020-08-22,Saturday,5807.98,806
528,2020-10-31,Saturday,8221.0,1016
529,2020-07-11,Saturday,5838.48,725
530,2021-05-08,Saturday,6575.06,869
531,2022-06-11,Saturday,5493.26,771
532,2023-03-25,Saturday,6819.43,833
533,2020-10-03,Saturday,7384.89,868
534,2022-05-07,Saturday,5321.17,731
535,2022-07-30,Saturday,3402.76,433
536,2021-09-18,Saturday,5959.45,839
537,2021-10-02,Saturday,6127.86,924
538,2022-04-16,Saturday,9226.04,1093
539,2021-11-06,Saturday,5670.94,847
540,2021-11-13,Saturday,7076.49,987
541,2021-11-20,Saturday,6452.27,903
542,2022-04-23,Saturday,5480.26,812
543,2021-10-09,Saturday,5401.91,787
544,2022-02-12,Saturday,5993.27,828
545,2022-07-16,Saturday,5142.78,687
546,2021-10-16,Saturday,5886.31,896
547,2022-01-08,Saturday,7548.39,1054
548,2021-08-28,Saturday,5040.05,740
549,2021-12-04,Saturday,8007.73,1106
550,2022-02-05,Saturday,5877.81,840
551,2021-09-04,Saturday,5422.5,851
552,2022-02-26,Saturday,5671.74,841
553,2021-12-11,Saturday,7383.34,1080
554,2022-03-26,Saturday,6911.03,938
555,2021-12-18,Saturday,8375.65,1065
556,2022-05-14,Saturday,7562.16,854
557,2023-04-15,Saturday,4242.8,545
558,2021-06-05,Saturday,5802.44,861
559,2022-09-24,Saturday,5738.82,770
560,2022-08-06,Saturday,3697.93,405
561,2022-08-13,Saturday,3708.99,434
562,2022-12-03,Saturday,7289.26,953
563,2022-11-19,Saturday,6712.34,866
564,2022-10-01,Saturday,5689.2,793
565,2023-01-14,Saturday,6375.22,767
566,2022-11-26,Saturday,6225.89,817
567,2021-10-23,Saturday,6025.87,873
568,2023-02-04,Saturday,5618.13,794
569,2020-07-25,Saturday,3504.34,480
570,2020-12-19,Saturday,8613.11,1064
571,2020-07-18,Saturday,2980.59,383
572,2020-09-19,Saturday,5031.8,705
573,2023-05-06,Saturday,5495.27,501
574,2023-04-01,Saturday,6910.89,864
575,2023-03-11,Saturday,5846.03,784
576,2023-02-25,Saturday,6951.99,814
577,2021-05-29,Saturday,6951.3,938
578,2020-02-29,Saturday,3563.72,518
579,2020-06-13,Saturday,6649.65,903
580,2020-02-22,Saturday,3556.31,521
581,2020-05-16,Saturday,6842.47,954
582,2020-05-23,Saturday,6332.07,886
583,2019-11-09,Saturday,3442.74,479
584,2021-02-20,Saturday,6897.04,1011
585,2020-02-08,Saturday,3322.84,469
586,2020-09-12,Saturday,5249.97,748
587,2020-09-26,Saturday,5825.58,852
588,2021-05-15,Saturday,5933.72,855
589,2019-11-02,Saturday,3178.49,487
590,2020-11-14,Saturday,7595.86,1017
591,2019-12-14,Saturday,3495.82,512
592,2021-04-10,Saturday,7171.6,969
593,2019-11-23,Saturday,3508.63,549
594,2020-04-25,Saturday,5456.98,620
595,2019-12-07,Saturday,3968.52,533
596,2021-06-26,Saturday,4859.83,688
597,2021-04-17,Saturday,7407.62,1031
598,2022-09-17,Saturday,5254.99,709
599,2022-09-03,Saturday,5300.96,710
600,2021-11-27,Saturday,7127.5,991
601,2022-01-15,Saturday,7720.63,1042
602,2022-03-05,Saturday,5633.86,858
603,2022-04-02,Saturday,5374.44,850
604,2022-06-18,Saturday,5836.81,849
605,2022-07-09,Saturday,5705.6,740
606,2022-04-30,Saturday,6109.58,837
607,2022-04-09,Saturday,6010.55,824
608,2022-05-21,Saturday,6042.8,842
609,2022-01-29,Saturday,6077.15,917
610,2020-11-21,Saturday,7571.75,949
611,2021-08-14,Saturday,4940.49,642
612,2023-02-11,Saturday,6065.34,819
613,2022-10-15,Saturday,5117.13,727
614,2021-07-24,Saturday,3173.61,424
615,2022-08-27,Saturday,5139.18,735
616,2022-08-20,Saturday,5617.96,715
617,2022-10-22,Saturday,5680.81,826
618,2023-02-18,Saturday,5900.46,741
619,2023-05-20,Saturday,3912.05,453
620,2022-12-10,Saturday,6961.39,899
621,2022-10-29,Saturday,5320.04,732
622,2021-08-07,Saturday,3213.88,449
623,2021-07-31,Saturday,3164.63,430
624,2021-10-30,Saturday,7191.92,1005
625,2020-11-07,Saturday,8006.78,1101
626,2021-01-30,Saturday,7116.39,1025
627,2020-08-29,Saturday,5691.25,811
628,2021-07-10,Saturday,5830.96,830
629,2022-12-24,Saturday,24317.0,1362
630,2020-12-05,Saturday,8194.6,978
631,2020-10-24,Saturday,7710.77,1028
632,2023-04-22,Saturday,3953.13,481
633,2021-03-06,Saturday,8653.92,1103
634,2020-05-02,Saturday,7495.8,998
635,2021-01-09,Saturday,6886.48,995
636,2021-03-20,Saturday,7354.35,1025
637,2021-06-19,Saturday,5084.43,723
638,2020-11-28,Saturday,6791.78,936
639,2021-02-27,Saturday,6910.95,1020
640,2019-12-28,Saturday,2648.83,416
641,2020-01-25,Saturday,4046.7,599
642,2019-11-30,Saturday,3552.84,473
643,2021-01-16,Saturday,6979.3,948
644,2021-03-27,Saturday,7311.99,969
645,2021-03-13,Saturday,6359.69,875
646,2020-04-04,Saturday,4907.66,593
647,2019-11-28,Thursday,1673.94,306
648,2020-04-16,Thursday,1920.73,333
649,2023-02-16,Thursday,3763.19,634
650,2020-12-24,Thursday,27840.15,1752
651,2021-12-30,Thursday,7310.94,887
652,2022-12-29,Thursday,5595.16,620
653,2022-12-22,Thursday,8307.47,871
654,2023-01-05,Thursday,3575.5,560
655,2020-12-31,Thursday,9012.38,985
656,2020-06-11,Thursday,3682.69,653
657,2021-09-23,Thursday,3257.29,645
658,2019-12-19,Thursday,1814.0,325
659,2020-01-23,Thursday,1899.38,325
660,2020-05-21,Thursday,2651.36,339
661,2023-02-23,Thursday,4024.79,676
662,2020-07-09,Thursday,2893.53,526
663,2020-03-05,Thursday,2053.31,279
664,2020-11-05,Thursday,4187.34,751
665,2020-10-01,Thursday,3202.63,543
666,2022-03-24,Thursday,3302.47,662
667,2022-12-15,Thursday,4168.35,707
668,2020-10-22,Thursday,3513.34,608
669,2020-12-03,Thursday,3758.8,649
670,2021-02-11,Thursday,3595.73,638
671,2021-11-11,Thursday,3470.4,664
672,2021-12-02,Thursday,3853.5,674
673,2022-04-07,Thursday,3296.53,576
674,2022-07-07,Thursday,4193.59,669
675,2021-10-21,Thursday,3321.48,603
676,2022-08-04,Thursday,2654.14,430
677,2021-08-26,Thursday,3874.25,683
678,2021-09-09,Thursday,3193.01,687
679,2022-01-13,Thursday,5172.53,732
680,2021-08-12,Thursday,3519.08,658
681,2022-06-16,Thursday,3546.04,631
682,2021-10-28,Thursday,3708.15,679
683,2022-02-10,Thursday,4004.25,688
684,2022-06-23,Thursday,4331.77,757
685,2022-01-27,Thursday,3524.1,654
686,2021-07-29,Thursday,1936.18,331
687,2021-12-16,Thursday,4289.71,725
688,2021-09-02,Thursday,3663.1,667
689,2021-12-23,Thursday,13765.98,1219
690,2022-06-02,Thursday,4304.1,724
691,2022-01-06,Thursday,4229.52,701
692,2021-11-18,Thursday,4017.52,696
693,2022-03-10,Thursday,3580.98,678
694,2022-07-28,Thursday,2462.83,389
695,2022-05-05,Thursday,3706.65,683
696,2021-10-14,Thursday,3490.31,660
697,2021-08-19,Thursday,3159.52,560
698,2021-11-25,Thursday,4284.11,741
699,2022-02-03,Thursday,3465.75,609
700,2022-06-30,Thursday,4238.8,723
701,2022-04-21,Thursday,3311.89,663
702,2022-04-28,Thursday,3816.32,712
703,2022-03-17,Thursday,3203.65,622
704,2020-08-20,Thursday,2554.36,473
705,2022-08-25,Thursday,3265.07,592
706,2022-10-06,Thursday,3688.2,633
707,2022-11-03,Thursday,3672.69,672
708,2022-10-20,Thursday,3765.28,642
709,2022-11-24,Thursday,4211.03,708
710,2022-08-18,Thursday,3247.9,600
711,2022-09-15,Thursday,3685.42,643
712,2023-01-12,Thursday,3192.94,525
713,2022-08-11,Thursday,2647.51,413
714,2022-09-22,Thursday,3816.58,683
715,2022-11-10,Thursday,3947.83,670
716,2022-10-13,Thursday,3225.16,575
717,2022-12-01,Thursday,3992.42,659
718,2022-10-27,Thursday,4221.99,687
719,2019-12-12,Thursday,1708.57,322
720,2020-11-26,Thursday,3612.08,606
721,2019-11-21,Thursday,1493.38,316
722,2021-07-01,Thursday,3294.06,603
723,2019-10-31,Thursday,1508.68,303
724,2020-08-27,Thursday,2899.87,544
725,2019-12-05,Thursday,2145.55,378
726,2020-09-10,Thursday,3328.79,607
727,2020-06-04,Thursday,3312.59,607
728,2020-08-06,Thursday,1826.36,278
729,2020-09-17,Thursday,3311.74,585
730,2023-01-26,Thursday,4521.57,764
731,2023-04-06,Thursday,3626.83,564
732,2023-02-09,Thursday,3600.42,623
733,2023-04-13,Thursday,2154.18,359
734,2023-05-11,Thursday,2170.64,348
735,2023-03-02,Thursday,3771.51,616
736,2023-03-30,Thursday,4485.77,657
737,2021-09-30,Thursday,3446.75,710
738,2020-02-20,Thursday,1275.0,265
739,2020-12-10,Thursday,4109.87,674
740,2021-03-18,Thursday,4428.0,737
741,2021-03-11,Thursday,3704.29,632
742,2021-01-07,Thursday,3658.28,585
743,2021-04-08,Thursday,4100.5,659
744,2021-04-22,Thursday,3369.66,554
745,2020-02-13,Thursday,1331.61,260
746,2021-05-06,Thursday,3832.6,674
747,2021-02-04,Thursday,4657.96,785
748,2019-11-14,Thursday,1453.16,288
749,2021-04-29,Thursday,3297.2,570
750,2021-04-01,Thursday,4801.69,750
751,2021-03-04,Thursday,3856.09,700
752,2020-06-18,Thursday,3901.2,647
753,2020-07-30,Thursday,1933.3,350
754,2021-01-14,Thursday,4121.97,670
755,2020-10-29,Thursday,3648.17,663
756,2021-02-25,Thursday,4341.93,785
757,2020-01-09,Thursday,1474.43,299
758,2020-12-17,Thursday,4045.92,658
759,2021-07-22,Thursday,1937.09,330
760,2021-06-03,Thursday,3520.86,633
761,2021-07-15,Thursday,2958.46,535
762,2021-05-27,Thursday,3273.77,575
763,2020-01-30,Thursday,1849.04,356
764,2020-10-08,Thursday,2964.5,520
765,2020-05-14,Thursday,3341.76,575
766,2020-01-16,Thursday,1422.98,287
767,2022-09-08,Thursday,3323.81,550
768,2021-10-07,Thursday,3646.24,636
769,2022-05-12,Thursday,4204.78,724
770,2022-01-20,Thursday,3862.88,704
771,2022-07-21,Thursday,3200.11,548
772,2022-07-14,Thursday,4102.55,696
773,2022-02-17,Thursday,3555.09,669
774,2020-06-25,Thursday,3007.63,613
775,2023-02-02,Thursday,3773.85,620
776,2023-05-25,Thursday,2748.41,386
777,2022-11-17,Thursday,3274.5,571
778,2023-03-16,Thursday,3800.91,599
779,2023-06-01,Thursday,2867.02,446
780,2023-04-20,Thursday,2127.89,344
781,2023-05-04,Thursday,2645.7,416
782,2020-09-24,Thursday,3045.57,598
783,2020-04-23,Thursday,2419.02,374
784,2020-04-30,Thursday,3532.82,627
785,2020-03-12,Thursday,1812.08,296
786,2020-09-03,Thursday,2711.96,491
787,2019-11-07,Thursday,1432.85,257
788,2020-01-02,Thursday,1499.61,300
789,2020-07-16,Thursday,1881.4,292
790,2020-04-09,Thursday,2257.36,372
791,2020-03-26,Thursday,1734.81,308
792,2020-07-23,Thursday,1560.71,265
793,2020-03-19,Thursday,2482.75,388
794,2020-04-02,Thursday,1956.39,310
795,2020-05-20,Wednesday,5967.0,883
796,2019-12-04,Wednesday,1992.38,373
797,2021-03-17,Wednesday,4316.18,763
798,2023-05-10,Wednesday,2351.44,344
799,2021-11-24,Wednesday,4199.43,763
800,2020-07-08,Wednesday,2996.95,524
801,2022-12-21,Wednesday,5998.91,741
802,2023-01-11,Wednesday,4087.01,711
803,2021-05-05,Wednesday,3575.5,583
804,2021-09-08,Wednesday,3944.65,770
805,2021-12-01,Wednesday,4083.37,717
806,2020-03-11,Wednesday,1556.08,325
807,2020-03-18,Wednesday,2540.24,385
808,2022-03-30,Wednesday,4167.92,773
809,2022-08-24,Wednesday,3326.35,598
810,2019-11-06,Wednesday,1508.19,283
811,2020-04-22,Wednesday,2250.94,372
812,2023-02-22,Wednesday,4093.03,593
813,2021-03-31,Wednesday,3523.81,632
814,2020-08-26,Wednesday,2853.04,555
815,2022-01-05,Wednesday,4139.16,669
816,2022-01-19,Wednesday,3608.32,685
817,2022-05-04,Wednesday,3931.11,736
818,2022-04-13,Wednesday,3869.53,687
819,2021-10-20,Wednesday,3350.7,594
820,2021-12-29,Wednesday,5422.6,764
821,2021-10-06,Wednesday,3921.33,692
822,2022-06-15,Wednesday,3132.21,614
823,2021-10-13,Wednesday,3368.65,643
824,2021-12-22,Wednesday,9274.31,1018
825,2021-08-04,Wednesday,1984.61,355
826,2022-02-02,Wednesday,3292.82,676
827,2022-04-06,Wednesday,3427.28,639
828,2022-07-27,Wednesday,2259.23,365
829,2021-11-10,Wednesday,3851.9,704
830,2021-12-15,Wednesday,4097.24,672
831,2022-05-25,Wednesday,5118.46,876
832,2021-08-11,Wednesday,3342.53,616
833,2022-07-06,Wednesday,3941.38,704
834,2022-02-09,Wednesday,3446.29,625
835,2022-05-11,Wednesday,3796.36,699
836,2022-03-16,Wednesday,3537.95,706
837,2022-01-26,Wednesday,3592.57,659
838,2021-08-25,Wednesday,3304.6,579
839,2021-11-17,Wednesday,3443.81,636
840,2019-11-20,Wednesday,11260.46,1844
841,2021-09-22,Wednesday,3400.63,688
842,2022-08-17,Wednesday,3493.55,583
843,2022-11-02,Wednesday,3914.19,673
844,2022-09-28,Wednesday,3906.51,709
845,2022-11-09,Wednesday,3715.07,620
846,2022-12-07,Wednesday,4299.49,680
847,2022-10-05,Wednesday,3624.16,623
848,2022-10-26,Wednesday,3894.57,684
849,2022-09-21,Wednesday,3781.99,644
850,2022-12-28,Wednesday,3680.7,532
851,2022-08-10,Wednesday,2336.08,363
852,2022-09-07,Wednesday,3948.29,696
853,2022-10-19,Wednesday,3785.97,609
854,2022-11-30,Wednesday,3871.76,642
855,2020-08-05,Wednesday,1986.05,376
856,2020-09-16,Wednesday,3191.8,638
857,2020-07-29,Wednesday,1877.96,318
858,2020-09-02,Wednesday,2769.39,544
859,2020-12-02,Wednesday,3909.48,648
860,2020-09-30,Wednesday,3057.62,614
861,2019-11-13,Wednesday,1882.68,279
862,2021-01-20,Wednesday,3343.45,628
863,2020-01-15,Wednesday,1395.33,281
864,2020-11-04,Wednesday,3647.39,661
865,2020-05-13,Wednesday,3682.08,640
866,2019-12-18,Wednesday,1863.2,314
867,2020-02-26,Wednesday,1791.29,297
868,2020-04-29,Wednesday,1923.31,372
869,2020-11-25,Wednesday,3860.55,673
870,2021-07-14,Wednesday,2458.7,449
871,2020-12-09,Wednesday,4065.59,719
872,2020-09-09,Wednesday,3297.6,600
873,2020-07-15,Wednesday,1961.74,285
874,2020-08-19,Wednesday,3104.06,564
875,2020-06-03,Wednesday,3080.77,515
876,2023-04-05,Wednesday,4246.83,673
877,2023-03-01,Wednesday,3741.62,584
878,2023-03-22,Wednesday,3510.06,524
879,2023-04-19,Wednesday,1775.73,289
880,2023-04-26,Wednesday,3141.29,448
881,2023-05-17,Wednesday,2789.23,429
882,2023-01-25,Wednesday,4073.55,678
883,2020-01-08,Wednesday,1706.43,343
884,2020-12-16,Wednesday,4414.9,764
885,2020-01-29,Wednesday,1558.86,323
886,2020-02-12,Wednesday,1625.5,340
887,2020-10-14,Wednesday,2922.78,552
888,2021-04-28,Wednesday,2869.02,568
889,2021-03-10,Wednesday,3730.06,679
890,2020-06-10,Wednesday,3654.08,653
891,2021-04-07,Wednesday,3187.91,548
892,2020-02-19,Wednesday,1301.42,258
893,2020-10-28,Wednesday,3837.33,682
894,2020-12-23,Wednesday,16351.86,1371
895,2020-05-06,Wednesday,4318.28,743
896,2020-11-18,Wednesday,4130.34,749
897,2020-05-27,Wednesday,4220.72,693
898,2021-05-26,Wednesday,3432.95,627
899,2021-07-07,Wednesday,3182.58,634
900,2019-11-27,Wednesday,1609.65,328
901,2020-03-04,Wednesday,1748.28,343
902,2022-11-16,Wednesday,6060.13,987
903,2022-03-09,Wednesday,3674.76,709
904,2022-07-13,Wednesday,3705.05,636
905,2021-09-15,Wednesday,3167.82,669
906,2022-05-18,Wednesday,4250.9,712
907,2020-04-08,Wednesday,2284.24,331
908,2021-06-16,Wednesday,3039.77,505
909,2023-03-15,Wednesday,3891.4,640
910,2023-05-24,Wednesday,2481.51,373
911,2023-01-04,Wednesday,3104.84,496
912,2023-02-01,Wednesday,4080.58,604
913,2023-05-31,Wednesday,2828.98,412
914,2023-01-18,Wednesday,3506.38,597
915,2023-05-03,Wednesday,2126.3,342
916,2022-08-03,Wednesday,1785.09,307
917,2023-03-29,Wednesday,3580.18,567
918,2019-12-11,Wednesday,1767.09,339
919,2021-07-21,Wednesday,1921.88,331
920,2021-05-12,Wednesday,4256.34,690
921,2020-07-22,Wednesday,1455.54,270
922,2020-12-30,Wednesday,9305.7,1061
923,2021-02-03,Wednesday,4133.05,662
924,2021-06-02,Wednesday,3175.8,583
925,2019-10-30,Wednesday,1560.07,314
926,2021-06-09,Wednesday,2911.18,526
927,2020-10-16,Friday,3875.0,553
928,2020-06-22,Monday,2993.45,553
929,2021-04-06,Tuesday,3073.92,553
930,2021-09-14,Tuesday,2798.51,553
931,2020-12-08,Tuesday,3207.58,553
932,2022-01-03,Monday,3348.78,566
933,2023-02-07,Tuesday,3456.66,566
934,2021-01-12,Tuesday,3066.4,566
935,2021-05-25,Tuesday,2883.83,566
936,2020-08-12,Wednesday,3008.83,566
937,2021-09-07,Tuesday,3176.08,577
938,2022-08-16,Tuesday,3275.84,577
939,2022-02-24,Thursday,3116.91,577
940,2021-06-24,Thursday,3167.43,577
941,2021-06-23,Wednesday,3128.83,577
942,2021-12-27,Monday,4040.75,578
943,2021-11-08,Monday,3335.38,578
944,2021-03-29,Monday,3221.3,578
945,2021-07-17,Saturday,4209.86,578
946,2023-03-08,Wednesday,3610.65,578
947,2021-06-29,Tuesday,3281.24,581
948,2022-09-06,Tuesday,3520.97,581
949,2023-02-28,Tuesday,3340.98,581
950,2020-08-13,Thursday,3338.94,581
951,2021-06-10,Thursday,3187.71,581
952,2021-06-17,Thursday,3098.74,581
953,2021-02-10,Wednesday,3024.59,581
954,2023-04-03,Monday,2164.92,327
955,2021-07-28,Wednesday,1806.0,327
956,2020-01-22,Wednesday,1574.08,327
957,2020-03-25,Wednesday,1924.56,327
958,2023-04-12,Wednesday,2138.93,327
959,2019-11-25,Monday,1658.59,332
960,2020-01-27,Monday,1753.73,332
961,2022-11-15,Tuesday,2045.28,332
962,2020-03-17,Tuesday,2089.92,332
963,2021-08-05,Thursday,1862.83,332
964,2020-02-05,Wednesday,1549.29,332
965,2022-07-04,Monday,2052.18,335
966,2020-02-27,Thursday,1712.7,335
967,2020-02-06,Thursday,2175.74,335
968,2020-04-01,Wednesday,2177.85,335
969,2020-04-15,Wednesday,1825.09,335
970,2021-08-31,Tuesday,3196.0,591
971,2023-04-04,Tuesday,3747.54,591
972,2023-03-28,Tuesday,3924.81,591
973,2022-07-23,Saturday,4549.32,591
974,2021-07-08,Thursday,3024.62,591
975,2021-05-20,Thursday,3309.69,591
976,2021-01-05,Tuesday,3420.12,601
977,2020-06-23,Tuesday,3223.56,601
978,2020-10-20,Tuesday,3220.62,601
979,2023-01-19,Thursday,3549.26,601
980,2022-07-20,Wednesday,3371.88,601
981,2021-05-19,Wednesday,3062.32,601
982,2023-05-13,Saturday,5452.18,610
983,2021-01-02,Saturday,4419.65,610
984,2022-09-01,Thursday,3207.77,610
985,2020-10-21,Wednesday,3452.0,610
986,2021-01-06,Wednesday,3582.85,610
987,2021-10-04,Monday,3441.46,611
988,2021-03-01,Monday,3254.25,611
989,2020-09-15,Tuesday,3482.81,611
990,2020-11-10,Tuesday,3420.19,611
991,2022-05-19,Thursday,3424.81,611
992,2020-05-19,Tuesday,3714.72,617
993,2022-03-22,Tuesday,3471.02,617
994,2022-03-31,Thursday,3697.25,617
995,2023-03-09,Thursday,4024.51,617
996,2020-10-15,Thursday,3778.5,617
997,2020-09-23,Wednesday,3177.86,617
998,2021-12-06,Monday,3606.98,618
999,2022-05-24,Tuesday,3164.5,618
1000,2020-06-02,Tuesday,3321.09,618
1001,2020-07-02,Thursday,3188.83,618
1002,2021-06-30,Wednesday,3105.07,618
1003,2020-07-01,Wednesday,3505.76,618
1004,2022-09-29,Thursday,3481.33,624
1005,2021-04-15,Thursday,3360.97,624
1006,2022-09-14,Wednesday,3749.33,624
1007,2021-04-14,Wednesday,3098.13,624
1008,2021-04-21,Wednesday,3357.82,624
1009,2021-11-15,Monday,3386.55,626
1010,2021-11-09,Tuesday,3659.97,626
1011,2020-11-12,Thursday,3372.51,626
1012,2022-06-29,Wednesday,3797.96,626
1013,2023-02-15,Wednesday,4515.64,626
1014,2020-05-18,Monday,3657.34,629
1015,2021-03-22,Monday,3295.83,629
1016,2021-11-04,Thursday,3282.62,629
1017,2022-12-14,Wednesday,3657.55,629
1018,2022-06-08,Wednesday,3399.86,629
1019,2021-04-19,Monday,3261.61,630
1020,2023-02-21,Tuesday,3940.71,630
1021,2022-06-09,Thursday,3608.49,630
1022,2021-02-18,Thursday,3474.9,630
1023,2021-01-28,Thursday,3706.73,630
1024,2020-11-23,Monday,3282.96,641
1025,2021-12-14,Tuesday,4122.17,641
1026,2021-01-23,Saturday,4484.3,641
1027,2022-06-22,Wednesday,3643.7,641
1028,2021-03-24,Wednesday,3453.09,641
1029,2021-07-16,Friday,3680.77,646
1030,2020-04-10,Friday,5183.12,646
1031,2022-03-03,Thursday,3754.95,646
1032,2020-06-24,Wednesday,3793.16,646
1033,2022-11-23,Wednesday,4219.92,646
1034,2020-11-09,Monday,3676.89,650
1035,2020-12-29,Tuesday,4684.05,650
1036,2022-12-20,Tuesday,4578.99,650
1037,2020-05-07,Thursday,3933.62,650
1038,2022-04-14,Thursday,4243.96,650
1039,2020-10-07,Wednesday,3508.97,650
1040,2022-02-16,Wednesday,3471.72,650
1041,2021-07-09,Friday,3862.0,651
1042,2021-09-06,Monday,3469.94,651
1043,2021-08-30,Monday,3287.03,651
1044,2021-03-30,Tuesday,3351.91,651
1045,2020-04-18,Saturday,5128.11,651
1046,2021-02-17,Wednesday,3382.98,651
1047,2021-09-01,Wednesday,3527.25,651
1048,2022-03-08,Tuesday,3622.55,652
1049,2021-02-09,Tuesday,3825.32,652
1050,2020-12-01,Tuesday,3600.16,652
1051,2023-03-23,Thursday,3986.61,652
1052,2023-02-08,Wednesday,3987.59,652
1053,2020-08-14,Friday,4000.59,655
1054,2021-11-16,Tuesday,3485.99,655
1055,2022-11-22,Tuesday,3896.8,655
1056,2020-06-17,Wednesday,3522.62,655
1057,2021-01-27,Wednesday,3594.99,655
1058,2022-06-07,Tuesday,3411.84,668
1059,2022-11-29,Tuesday,3589.65,668
1060,2020-04-11,Saturday,6183.65,668
1061,2021-01-21,Thursday,4019.77,668
1062,2022-02-23,Wednesday,3717.03,668
1063,2022-08-31,Wednesday,3825.91,668
1064,2021-10-25,Monday,3695.85,671
1065,2021-03-03,Wednesday,3536.66,671
1066,2021-09-29,Wednesday,3513.96,671
1067,2021-01-13,Wednesday,3850.62,671
1068,2022-10-12,Wednesday,4077.05,671
1069,2022-05-17,Tuesday,3669.63,681
1070,2020-08-15,Saturday,4936.33,681
1071,2022-12-08,Thursday,4104.79,681
1072,2020-11-19,Thursday,3942.62,681
1073,2021-08-18,Wednesday,3616.65,681
1074,2021-10-27,Wednesday,3726.36,681
1075,2022-06-28,Tuesday,3785.93,689
1076,2022-06-04,Saturday,4617.69,689
1077,2021-09-16,Thursday,3520.15,689
1078,2021-12-09,Thursday,4070.04,689
1079,2022-03-23,Wednesday,3744.07,689
1080,2022-01-12,Wednesday,3697.89,689
1081,2021-02-24,Wednesday,3710.81,689
1082,2021-10-26,Tuesday,3671.54,697
1083,2020-05-28,Thursday,4024.03,697
1084,2022-04-20,Wednesday,3553.69,697
1085,2020-11-11,Wednesday,3715.41,697
1086,2022-03-02,Wednesday,3611.45,697
1087,2022-01-18,Tuesday,3826.46,698
1088,2022-05-28,Saturday,5419.61,698
1089,2021-03-25,Thursday,4074.98,698
1090,2022-06-01,Wednesday,3537.36,698
1091,2021-12-08,Wednesday,3701.21,698
1092,2021-09-03,Friday,4284.43,756
1093,2023-01-13,Friday,5172.93,756
1094,2023-03-24,Friday,5081.41,756
1095,2020-12-21,Monday,5574.45,756
1096,2022-10-08,Saturday,5292.64,756
1097,2020-05-15,Friday,5106.74,766
1098,2020-08-28,Friday,4245.05,766
1099,2020-07-04,Saturday,5172.9,766
1100,2021-09-11,Saturday,5202.73,766
1101,2021-11-03,Wednesday,4255.71,766
